enrollment_id,enrolled_at,lead_id,phone,creator_id,creator_source,status,amount_usd
ENR-5001,2026-09-28T10:00:00Z,LEAD-1001,+15550101001,creator_01,csv,completado,8500
ENR-5002,2026-09-28T11:15:00Z,LEAD-1002,+15550101002,creator_02,csv,completado,12000
ENR-5005,2026-09-28T16:00:00Z,LEAD-1011,+15550101011,creator_04,csv,en_proceso,7400
ENR-5006,2026-09-28T16:45:00Z,LEAD-1012,+15550101012,creator_01,csv,completado,5500
ENR-5007,2026-09-28T18:30:00Z,LEAD-1014,+15550101014,creator_02,inferido_de_lead,completado,18000
ENR-5008,2026-09-28T20:00:00Z,LEAD-1018,+15550101018,creator_02,csv,completado,8900
ENR-5010,2026-09-29T10:00:00Z,LEAD-1022,+15550101022,creator_02,csv,completado,5000
ENR-5011,2026-09-29T12:00:00Z,LEAD-1025,+15550101025,creator_01,csv,completado,13400
ENR-5015,2026-09-29T18:00:00Z,LEAD-1032,+15550101032,creator_03,csv,cancelado,8000
ENR-5016,2026-09-29T19:15:00Z,LEAD-1034,+15550101034,creator_04,csv,completado,21000
ENR-5017,2026-09-29T21:00:00Z,LEAD-1036,+15550101036,creator_02,csv,completado,9200
ENR-5018,2026-09-30T09:30:00Z,LEAD-1038,+15550101038,creator_01,csv,completado,11800
ENR-5019,2026-09-30T10:15:00Z,LEAD-1039,+15550101039,creator_04,csv,completado,5900
ENR-5020,2026-09-30T11:00:00Z,LEAD-1005,+15550101005,creator_02,csv,completado,6200
ENR-5023,2026-09-30T13:00:00Z,LEAD-1031,+15550101031,creator_02,csv,completado,10500
