lead_id,timestamp,creador,canal,mensaje,telefono,estado_inicial
L001,2026-09-19T00:20:00,@marta_finanzas,CTWA,"Hola, vi su video. Debo como 12 mil en tarjetas de crédito y ya no puedo pagar los mínimos, ¿me pueden ayudar?",+15555550101,call_back
L002,2026-09-19T07:53:00,@donjuan_cuentas,CTWA,Info,+15555550102,transferido
L003,2026-09-19T14:59:00,@lau.ahorra,organico,hola,+15555550103,no_answer
L004,2026-09-19T21:13:00,@lau.ahorra,CTWA,"Tengo deudas de hospital, unos $8,500. ¿Qué opciones hay?",+15555550104,nuevo
L005,2026-09-20T04:43:00,@pepe_contador,CTWA,¿Esto es una estafa? ¿Cuánto cobran?,+15555550105,info_enviada
L006,2026-09-20T11:45:00,@donjuan_cuentas,organico,Quiero que me GARANTICEN que me van a bajar la deuda a la mitad,+15555550106,call_back
L007,2026-09-20T18:46:00,@marta_finanzas,CTWA,"me van a embargar el sueldo la próxima semana, ayuda urgente",+15555550107,transferido
L008,2026-09-21T01:52:00,@donjuan_cuentas,CTWA,"Tengo un préstamo personal de $15,000 y 3 tarjetas. Sí quiero hablar con un asesor",+15555550108,no_answer
L009,2026-09-21T08:13:00,@pepe_contador,organico,"GANA DINERO RÁPIDO con cripto, escríbeme ya al privado",+15555550109,nuevo
L010,2026-09-21T15:54:00,@lau.ahorra,CTWA,"Debo $2,000 de una tarjeta",+15555550110,info_enviada
L011,2026-09-21T22:17:00,@pepe_contador,CTWA,"No tengo papeles, ¿igual pueden ayudarme?",+15555550111,call_back
L012,2026-09-22T05:13:00,@donjuan_cuentas,organico,me llamó un cobrador y me amenazó con demandarme,+15555550112,transferido
L013,2026-09-22T12:03:00,@marta_finanzas,CTWA,"Tengo 25 mil en tarjetas y 9 mil de un carro, quiero un Consejero",+15555550113,no_answer
L014,2026-09-22T19:26:00,@donjuan_cuentas,CTWA,ok,+15555550114,nuevo
L015,2026-09-23T02:55:00,@lau.ahorra,organico,"Hello, do you speak English?",+15555550115,info_enviada
L016,2026-09-23T09:23:00,@lau.ahorra,CTWA,¿Estoy en bancarrota?? o esto es diferente a bancarrota,+15555550116,call_back
L017,2026-09-23T16:33:00,@pepe_contador,CTWA,Mis deudas son como 40k entre tarjetas y préstamos médicos,+15555550117,transferido
L018,2026-09-23T23:58:00,@marta_finanzas,CTWA,Cuánto interés me van a quitar?,+15555550118,no_answer
L019,2026-09-24T06:59:00,@marta_finanzas,organico,Quiero darme de baja de sus mensajes,+15555550119,nuevo
L020,2026-09-24T13:55:00,@donjuan_cuentas,CTWA,tengo deuda de tarjetas como 6500 y quiero saber si podría pagar menos al mes,+15555550120,info_enviada
L021,2026-09-24T20:47:00,@lau.ahorra,CTWA,"Mi esposo no sabe que debo tanto, no le digan nada",+15555550121,call_back
L022,2026-09-25T03:46:00,@pepe_contador,CTWA,Les pasé mi número de seguro social por aquí 123-45-6789,+15555550122,transferido
L023,2026-09-25T10:28:00,@lau.ahorra,organico,"buenas, vi a Lau en tiktok, tengo unos 11,000 en tarjetas",+15555550123,no_answer
L024,2026-09-25T17:22:00,@marta_finanzas,CTWA,Quiero cancelar mi inscripción y que me devuelvan el dinero,+15555550124,nuevo
L025,2026-09-26T00:59:00,@donjuan_cuentas,CTWA,"Me siento muy mal, ya no quiero seguir con esto, estoy desesperado",+15555550125,nuevo
L026,2026-09-26T07:25:00,@donjuan_cuentas,organico,Cuánto tiempo tarda? me dijeron 3 años,+15555550126,nuevo
L027,2026-09-26T14:48:00,@lau.ahorra,CTWA,"Deudas: tarjeta Visa 7k, tarjeta Mastercard 4k, hospital 3k",+15555550127,nuevo
L028,2026-09-26T21:15:00,@pepe_contador,CTWA,Debo 150 mil de un negocio que quebró,+15555550128,nuevo
L029,2026-09-27T04:19:00,@lau.ahorra,organico,👍,+15555550129,nuevo
L030,2026-09-27T11:16:00,@marta_finanzas,CTWA,"me interesa, pero mi deuda es de un préstamo estudiantil de 30 mil",+15555550130,nuevo
L031,2026-09-27T18:26:00,@donjuan_cuentas,CTWA,"Hola buenas tardes, quisiera info sobre cómo funciona",+15555550131,nuevo
L032,2026-09-28T01:34:00,@pepe_contador,organico,"Mi hermano debe mucho, ¿puedo preguntar por él?",+15555550132,nuevo
L033,2026-09-28T08:46:00,@lau.ahorra,CTWA,"Tengo 9,800 en deudas médicas, ¿en muchos casos pueden reducirse los pagos?",+15555550133,nuevo
L034,2026-09-28T15:32:00,@pepe_contador,CTWA,Quiero hablar ya con una persona,+15555550134,nuevo
L035,2026-09-28T22:23:00,@marta_finanzas,organico,jajaja,+15555550135,nuevo
L036,2026-09-29T05:43:00,@marta_finanzas,CTWA,"Debo 18 mil en 4 tarjetas, tengo trabajo estable",+15555550136,nuevo
L037,2026-09-29T12:09:00,@donjuan_cuentas,CTWA,¿Cuál es la diferencia con una consolidación de deuda?,+15555550137,nuevo
L038,2026-09-29T19:05:00,@lau.ahorra,CTWA,Ya hablé con ustedes ayer y nadie me llamó,+15555550138,nuevo
L039,2026-09-30T03:00:00,@pepe_contador,organico,"Préstamos rapidos 24h sin buró, escribe ya",+15555550139,nuevo
L040,2026-09-30T09:12:00,@pepe_contador,CTWA,Tengo 5 mil de tarjeta y 2 mil de una tienda,+15555550140,nuevo
L041,2026-09-30T16:09:00,@marta_finanzas,CTWA,"Me dijeron que mi crédito va a quedar destruido, ¿es cierto?",+15555550141,nuevo
L042,2026-09-30T23:50:00,@donjuan_cuentas,organico,"buen día, deuda de tarjeta unos 13 mil, trabajo en construcción, ¿me llaman por la tarde?",+15555550142,nuevo
L043,2026-10-01T06:16:00,@donjuan_cuentas,CTWA,¿Necesito tener ahorros para empezar?,+15555550143,nuevo
L044,2026-10-01T13:33:00,@lau.ahorra,CTWA,"Debo 22,500 entre 5 tarjetas y un préstamo, sí quiero que me contacte un Consejero",+15555550144,nuevo
L045,2026-10-01T20:39:00,@pepe_contador,CTWA,Quiero hablar con un asesor legal,+15555550145,nuevo
