enrollment_id,partner_timestamp,lead_id,telefono,creator_id,monto_acordado_usd,estado_inscripcion
ENR-5001,2026-09-28T10:00:00Z,LEAD-1001,15550101001,creator_01,8500,completado
ENR-5002,2026-09-28T11:15:00Z,LEAD-1002,+1-555-010-1002,creator_02,12000,completado
ENR-5003,2026/13/45,LEAD-1005,5550101005,,6200,completado
ENR-5004,2026-09-28T14:30:00Z,LEAD-1008,+15550109999,creator_05,9000,completado
ENR-5005,2026-09-28T16:00:00Z,LEAD-1011,+15550101011,creator_04,7400,en_proceso
ENR-5006,2026-09-28T16:45:00Z,LEAD-1012,5550101012,creator_01,5500,completado
ENR-5007,2026-09-28T18:30:00Z,LEAD-1014,+15550101014,,18000,completado
ENR-5008,2026-09-28T20:00:00Z,LEAD-1018,+15550101018,creator_02,8900,completado
ENR-5009,01-10-2026,LEAD-1021,+15550101021,creator_01,6800,completado
ENR-5010,2026-09-29T10:00:00Z,LEAD-1022,+15550101022,creator_02,5000,completado
ENR-5001,2026-09-28T10:00:00Z,LEAD-1001,15550101001,creator_01,8500,completado
ENR-5011,2026-09-29T12:00:00Z,LEAD-1025,555-010-1025,creator_01,13400,completado
ENR-5012,N/A,LEAD-1027,+15550101027,creator_02,16000,completado
ENR-5013,2026-09-29T15:30:00Z,LEAD-1029,+15550108888,,7100,completado
ENR-5014,1727625600,LEAD-1031,+15550101031,creator_02,10500,completado
ENR-5015,2026-09-29T18:00:00Z,LEAD-1032,5550101032,creator_03,8000,cancelado
ENR-5016,2026-09-29T19:15:00Z,LEAD-1034,+15550101034,creator_04,21000,completado
ENR-5017,2026-09-29T21:00:00Z,LEAD-1036,+15550101036,creator_02,9200,completado
ENR-5018,2026-09-30T09:30:00Z,LEAD-1038,+15550101038,creator_01,11800,completado
ENR-5019,2026-09-30T10:15:00Z,LEAD-1039,5550101039,creator_04,5900,completado
ENR-5020,2026-09-30T11:00:00Z,LEAD-1005,5550101005,creator_02,6200,completado
ENR-5021,fecha_invalida,LEAD-1014,+15550101014,creator_02,18000,completado
ENR-5022,2026-09-30T12:30:00Z,LEAD-1027,+15550107777,,16000,completado
ENR-5023,2026-09-30T13:00:00Z,LEAD-1031,+15550101031,creator_02,10500,completado
ENR-5024,2026-09-30T14:00:00Z,LEAD-1038,+15550101038,creator_01,11800,completado