enrollment_id,enrolled_at,client_name,phone,creator_id,program_status
E013,2026-09-29,Gloria Paz,5555550126,CR-002,Inscrito
E023,2026-09-26,Yolanda Nieto,+15555550901,,Inscrito
E014,2026-09-27,Iván Ríos,+15555550127,CR-003,Inscrito
E010,2026-09-27,Hugo Peña,+155555501,CR-002,Pendiente
E020,2026-09-28,Hugo Peña,+155555501,CR-002,Pendiente
E028,2026-09-30,Beto Ramos,+15555550906,CR-001,Inscrito
E002,31/02/2026,Luis Rojas,+15555550104,CR-003,Pendiente
E001,2026-09-21,Ana Pérez,+15555550101,CR-001,Inscrito
E016,2099-01-01,Raúl Mora,+15555550131,CR-002,Inscrito
E004,2026-09-23,José Márquez,(555) 555-0108,CR-002,Inscrito
E027,2026-09-29,Mirta Gil,+15555550905,CR-003,Inscrito
E011,01/10/26,Sandra Ortiz,+15555550121,CR-003,Pendiente
E005,2026-09-23,Rosa Villa,+15555550110,CR-003,Pendiente
E022,2026-09-25,Félix Ibarra,+15555550900,CR-001,Inscrito
E017,2026-09-01,Dora Salas,+15555550133,CR-003,Pendiente
E019,2026-09-28,Rosa Villa,+15555550110,CR-003,Pendiente
E008,2026-09-26,Pablo Rey,+15555550116,,Inscrito
E018,2026-09-28,Ana Pérez,+15555550101,CR-001,Inscrito
E025,2026-09-27,Silvia Lara,+15555550903,CR-004,Inscrito
E003,2026-09-21,Carmen Díaz,+15555550105,,Inscrito
E009,ayer,Marisol Vega,+15555550117,CR-004,Inscrito
E007,2026-09-23,Elena Cruz,+15555550119,CR-001,Cancelado
E024,2026-09-27,Óscar Bravo,+15555550902,CR-002,Pendiente
E026,2026-09-29,Andrés Cano,+15555550904,,Cancelado
E006,2026-13-01,Miguel Soto,+15555550112,CR-002,Pendiente
E012,2026-09-28,Tomás Luna,+15555550123,,Inscrito
E021,2026-09-27,Iván Ríos,+15555550127,CR-003,Inscrito
E015,2026-09-28,Nora Campos,+15555550128,CR-009,Inscrito
